USER_ID,GPT_Response
001bd77d566f2522cd4397eabd89d068,"标签: 爱情, 冒险, 温馨, 自由, 心理学, 宗教, 动物, 自然
类型片: 儿童, 动画片, 纪录片, 旅拍
画面风格: 绚丽, 优美的自然风光
相关姓名: 宫崎骏
经典情节: 自由翱翔, 坚守信仰, 对人性的哲学思考, 温馨感人的画面, 吸引人的特写与细节场景, 毛茸茸的可爱动物, 自然探险, 度假"
001c0ec3855e2b98e9a38b3552d95e72,"标签: 国际视野、人性探索、家庭关系、社会讽刺、情感剖析
类型片: 剧情片、喜剧片、黑色幽默片、心理片
画面风格: 细腻、写实、朴实、克制、优雅
相关姓名: Jacques Perrin, Jean-Pierre Jeunet, Emmanuelle Beart, Isabelle Huppert
经典情节: 冲突与调和、真实与虚假、个人追求与社会期望、家庭纠葛与解脱、生活苦难与希望的摩擦"
003ceaf93c27d9c78a1574df99708f7b,"标签: 帅气、动作、情节晦涩、打斗场面、矿车逃难、简单快乐、借鉴、窝囊废、老夫妻、苦逼脸、俄妞、爱管闲事、弱智、临时演员、槽点、福分、胡思乱想、cult级、老虎牙、新意、街舞、配音坑爹

类型片: 动作、喜剧、文艺

画面风格: 精美、刺激

相关姓名: 梁朝伟

经典情节: 矿车逃难、神庙逃亡、欢太平洋模仿"
0065c56fd1c429e8b1b80c12e3d5ca87,"标签: 爱情、人性、悬疑、黑暗、深情
类型片: 文艺片、心理剧、惊悚片、犯罪片
画面风格:阴郁、温暖、细腻、美丽
相关姓名: 朱丽叶·比诺什、桥本爱
经典情节: 突破自我、生活与爱情的平衡、探索人性的黑暗面、意外结局、穿越时空的剧情"
011ec004b3137ab4d616d51a146bc208,"标签: 经典、动作、惊险、情感、历史、黑暗
类型片: 情感剧、历史剧、动作片、青春片
画面风格: 纷繁、真实、黑暗、浪漫、充满张力
相关姓名: 肖恩·康纳利、丹尼尔·克雷格、罗杰·摩尔、凯特·哈德森、斯嘉丽·约翰逊、艾迪·墨菲
经典情节: 青春成长、爱情离别、白日梦幻、牺牲与奉献、社会阶层、黑暗势力揭露、历史背景下的挣扎和抗争。"
0146ccd6c2f7497991419a29deaebf09,"标签: 新疆本地电影，亲切，优美，主旋律，历史，真实，勇敢，墨西哥战士，冷幽默
类型片: 主旋律，历史，冷幽默
画面风格: 优美，模糊
相关姓名: 无提及
经典情节: 倾向于描述新疆历史、勇敢战斗的故事，情节可能具有冷幽默元素。"
015680764508559f9d897a1cfa309552,"标签: 家庭，情感，喜剧，真实生活，黄金配角
类型片: 剧情喜剧，家庭片，现实主义影片
画面风格: 自然，真实，细腻
相关姓名: 黄宝拉，林秀晶，刘亚仁，金惠秀，允石老爷子
经典情节: 小人物的爱，返乡青年的故事，光州背景下的生活，成功得太快后程乏力，请别人倒退看影集，印度观众笑翻，配音问题，何德何能跟集结号比，睡觉开场印象，真实真实，前场起色，噢我的兄弟，大环境铺垫"
01c060b9f5304156eb52d797d4acc47d,"标签: 智慧与竞技、围棋、人工智能、竞争与合作、克服挑战
类型片: 情节悬疑、励志、科技灾难、运动竞技、社会剧
画面风格: 紧张刺激、现实主义、运动场馆、比赛现场、思考对决
相关姓名: AlphaGo、柯洁、电影主角、五卫门、女主演
经典情节: 比赛对决、胜败挑战、团队合作、反派角色、人与机器的较量"
024fae3469d7998a866ccb2132bb5782,"标签: 浪漫爱情、青春、温情、家庭关系、成长
类型片: 爱情片、喜剧片、青春片、家庭片
画面风格: 温馨、亲切、自然、真实
相关姓名: 林依晨、狄龙、岳华、黎耀祥、黎姿、王祖贤、吴彦祖、蒋怡、叶佩雯、唐宁
经典情节: 挚爱的展示、人物成长、爱恨情仇、笑中带泪、浪漫求婚、温柔拥抱"
025ef07dbca099e7366ac2a7658fa21c,"标签: 浪漫、批判、黑色幽默、荒诞、沉重感、宗教
类型片: 文艺片、剧情片、悬疑片、喜剧片、历史片
画面风格: 色彩明亮、流畅、构图完美、胶片颗粒暗角、亮度闪动
相关姓名: 阿莫多瓦(Amélie)、拉斯·冯·提尔(Lars von Trier)、大卫·林奇(David Lynch)、奥尔达·卡艾罗夫斯基(Ulrich Köhler)
经典情节: 反映历史状况、宗教批判、黑色幽默的荒诞故事、反抗社会等级制度的悬疑犯罪、心理深入描写的恶与忏悔"
02d8f17146efb47a20ba3cda954a27ea,"标签: 神经病巅峰影片, 情感探索, 无厘头元素
类型片: 喜剧, 神秘悬疑
画面风格: 光影选角, 空气建筑
相关姓名: 南竹, 姐姐, 柴姐, 松下奈绪
经典情节: 莫名其妙的剧情发展, 突如其来的坏转, 观众爆笑, 爱情专家的道理击中心灵"
02f6bce54c20f7f95ad17e4251fc834a,"标签: 评分低、出戏、无聊、讨厌、可爱、喜剧、火星
类型片: 情节重复、喜剧、罗曼蒂克、生活片
经典情节: 失忆、导演出戏、卡女神美貌
相关姓名: Amy Acker、小本、派派、Diane Keaton、马修古迪、五方、朱莉、脸叔、马强、Kiefer Sutherland、金牙、糊团、卡言卡语"
03716d11534a780a3f930d24079fb33a,"标签: 科幻, 动作, 剧情, 终结者系列, 亲情, 时空旅行
类型片: 科幻动作片
画面风格: 炫酷特效, 紧张刺激
相关姓名: 阿诺·施瓦辛格, 琳达·汉密尔顿, 詹姆斯·卡梅隆
经典情节: 时光旅行，机器人与人类对抗，英雄牺牲拯救人类的情节"
038b862d553095ee7ecbfc10d2ee0237,"标签: 浪漫爱情、法国电影、情感纠缠、成长与自我发现
类型片: 纯爱、剧情、浪漫
画面风格: 细腻、缓慢、柔美
相关姓名: Johnny Depp、Teresa、David
经典情节: 单恋、命运交错、伤害与自我成长、最后的告别、爱的牺牲

标签和类型片描绘了浪漫爱情和法国电影的特点。画面风格强调了电影细腻和柔美的表现。相关姓名提到了Johnny Depp、Teresa和David，可能是该影片的关键角色。经典情节展示了单恋、命运交错、伤害与自我成长、最后的告别和爱的牺牲等重要情节元素。这些关键词和情节可以帮助用户找到与其喜好相符的影片。"
03fc43075840a12ef3c11794789e1a25,"标签: 烂片, 故事情节简单, 没有男女主卖肉, 没有恐怖血腥, 分数2/5分

类型片: 烂片, 动作片, 恐怖片

画面风格: 简单, 没有亮点

相关姓名: 无

经典情节: 无"
0410e84b3d2f4b03b619d93b47f1ed2a,"标签: 黑色电影, 悬疑犯罪, 心理剧, 剧情片
类型片: 美式政治讽刺, 邪恶与淫荡的人性揭露, 黑色喜剧, 宇宙与自然之邪恶
画面风格: 暗黑沉重, 荒诞幽默, 压抑恐怖, 独特叙事手法
相关姓名: Robert Mitchum, 德尼罗, 安德鲁·尼科尔, 斯科塞斯, 李康生, Dafoe, 莫妮卡维蒂, 毕加索
经典情节: 自杀谜案, 宿命与死亡觉醒, 对抗邪恶的成长, 幻象与现实的边界, 失踪者的迷局与魅力"
045e40912cf3c52d0dc8883f687746fb,"标签: 独立电影, 导演自我表达, 惊悚片
类型片: 犯罪惊悚片, 剧情片
画面风格: 真实朴实, 舞台剧感觉
相关姓名: 徐克, 温子仁, James Wan
经典情节: 梦境场景, 拍片焦虑, 枪战结局"
051025746bcef5c9c6b38cbd24767bca,"标签: 年轻人的成长，友情，爱情，悬疑，动作，喜剧，异想天开
类型片: 青春片，悬疑片，喜剧片
画面风格: 鲜艳明亮，夸张幽默
相关姓名: 中谷美纪，小米，吉尔格
经典情节: 逃跑戏，公主向女王表白，队友废材，男主外貌，梅姨出戏，女主做美食"
051eb56589c8e253045ca18d6a0ad54a,"标签: 剧情片, 悬疑片, 黑帮片, 家庭片, 爱情片
类型片: 犯罪剧情片, 治愈片, 动画片
画面风格: 美丽唯美, 暗黑沉郁
相关姓名: 役所广司, 石原妹妹, 玉置浩二, 沙皇, 范爷, 市川昆
经典情节: 冰雪融化重生, 奥斯卡影帝惊喜, 美丽丑陋并存, 黄渤高虎等明星合作, 欧洲王室风云, 噩梦与现实交织, 母爱与羡慕共存, 艺妓与游女大战."
05be157a695d274efd3e25769cfd91a0,"标签：温情、德国电影、单身生活、家庭关系、人生转折
类型片：剧情片、家庭片、幽默片
画面风格：现实主义、细腻、富有情感
相关姓名：安娜、小男孩、男主角
经典情节：单身生活的麻烦事、两代人的互动、男主角回归养老院"
06198d55d72b92a03c55868d30c20ce5,"标签: 英雄主题、现实生活、友谊、人性、信任、心理纠葛
类型片: 战争、军事、友情、剧情、喜剧、文艺
画面风格: 现实主义、战争场景、社会生活、自然风光
相关姓名: Woody Allen, Steven Spielberg, Stanley Kubrick
经典情节: 英雄的牺牲、友谊的力量、勇敢面对困难、善良与恶意的对抗"
063e7a5eb1d23b4e52c20736aaa73e7d,"标签: 女主角, 喜剧, 爱情, 同志, 家庭关系
类型片: 浪漫喜剧, 家庭剧, 爱情片
画面风格: 缤纷明亮, 充满活力
相关姓名: Peter Pan, Kate Winsiet, Leighton, Dr.
经典情节: 主角追求真爱, 家庭纠纷与和解, 爆笑喜剧插曲, 音乐与舞蹈的元素"
066d3cc96a0a6f1b36924aff63eecec8,"标签: 文艺、怀旧、张力、怪异、喜剧、悲剧、炒冷饭、悲剧、重口味、B级片、主旋律、虐恋、三级片、魔幻、惊悚、奇幻、科幻

类型片: 怀旧电影、喜剧片、悲剧片、爱情片、恐怖片、动作片、动画片、犯罪片、奇幻片、科幻片、惊悚片、战争片

画面风格: 怀旧、张力、文艺、幻想、冷酷、奇幻、黑暗、噱头、重口味、动感、霸气

相关姓名: 杨采妮、何赛飞、王晶

经典情节: 变身、幽灵、爱情纠葛、人体骷髅外骨骼、喷点、人工呼吸、重口味的外衣"
06844a5c0bea729ea5c87eb603b52c09,"标签: 煽情大片儿, 爱尔兰口音, 拳击
类型片: 爱情, 剧情
画面风格: 紧张, 狗血
相关姓名: DDL (Daniel Day-Lewis)
经典情节: 奔下电梯, 狗血爱情, 双方气场悬殊, 迪士尼之外的现实"
0694a0e1267c3ad814f24d07a63d760c,"标签: 恐怖片、创意电影、爽快感觉、苦闷、真实枪战气氛、笑料、硬伤、幽默

类型片: 恐怖片、悬疑片、喜剧片、剧情片、动作片

画面风格: 白描、血腥、灰蒙蒙、真实、风骚

相关姓名: 导演纯女权主义者、突袭的导演、吉米福克斯

经典情节: 场景戏打架、老师打学生、雨中哭泣、慢节奏苦逼、大逃杀、外星人故事"
06d22fbd6c60bc42e061b3b14bee262b,"标签: 科幻、爱情、悬疑
类型片: 现实题材、大片、独立电影
画面风格: 雄伟、细腻、奇幻
相关姓名: 导演: 克里斯托弗·诺兰，演员: 昱轩、瑞恩·高斯林、乔瑟夫·高登-莱维特
经典情节: 时间旅行、人类命运、心灵的奇幻之旅"
06dcd50b8ec84aa0c6b960d4ea3c8105,"标签: 家庭关系，情感，成长
类型片: 家庭剧，情感剧，成长剧
画面风格: 细腻，诗意，唯美
相关姓名: 坎德尔威特，卡萨维蒂，黄建新，佩内洛普
经典情节: 离家，寻找归宿，真实的生活残酷，对善良的选择，友谊的力量，才华与个性的结合，重要的细节回顾，嘶吼和痛哭，穿插迪斯科，迷幻的画面，社会学的触动，解放的普罗米修斯"
07596692ec506f65051f0f3e41381487,"标签: 同性恋、爱情、青春、家庭
类型片: 彩虹片、剧情片
画面风格: 温暖、甜蜜、美丽
相关姓名: 亚蕾、彩图、岛君、课长、光夫、光央
经典情节: 同志成长、重遇爱情、探索身份、家庭困境、勇敢面对"
0843c0e1b50c9e3646136f16af6c697e,"标签: 阶级、女权、父子关系、科幻、社会讽刺、爱情
类型片: 剧情、科幻、喜剧、文艺片
画面风格: 巧妙安排、精致细节、动感节奏
相关姓名: 主演、导演、编剧
经典情节: 家庭关系、个人成长、社会议题、戏剧性转折"
0847b737610ff9032d974534cfd259c2,"标签: 控诉纳粹、心动、丧尸片、校园暴力
类型片: 剧情、爱情、恐怖、校园
画面风格: 悲伤、突然心动、垃圾电影、忧伤
相关姓名: 裘德洛、河正宇大叔
经典情节: 女孩舔掉编号、男孩突然心动、未见真面目"
09d9f6b084151f1dbd75272346678b5b,"标签: 新闻人教学, 动作片, 彩蛋广告, 情节转换
类型片: 动作片, 高智商人物, 亲情剧情
画面风格: 90年代动作片风格, 影院观影体验
姓名: 未提及
经典情节: 超感官传送, 幽默片段, 80年代文化差异对比, 预见性剧情"
0a33108ef21d1a695a01a5f114c6c090,API interaction failed.
0ab51be8b5a5bf5da676fd9f21ee346a,"标签: 悬疑、恐怖、心理、荒诞、幻想
类型片: 惊悚、恐怖、悬疑、黑暗喜剧
画面风格: 美学、诡异、黑白、阴暗
相关姓名: 导演昆汀·塔伦蒂诺、演员本尼迪克特·康伯巴奇
经典情节: 反转、幻觉、心灵游戏、意外结局"
0b67d7c6e8a65f8a2601181883c584e3,"标签: 青春成长、家庭问题、爱情、悬疑、戏剧
类型片: 剧情片、爱情片、喜剧片
画面风格: 活力四射、精疲力尽、温暖绵长
相关姓名: Keanu、米塔、Sidharth、Ranveer Singh、Shahid
经典情节: 心底深藏的爱、感人的分离、戏剧反转、美人王后、喜剧表演。"
0b92cf1dac6158f1b945d801efa5f4b3,"标签: 比喻性强烈, 讽刺, 玄幻
类型片: 剧情片
画面风格: 美丽，富有艺术感
相关姓名: 陈嘉上，李BB
经典情节: 揭露阴谋，女主逃出隐墙，不毫无意义的结局"
0b9360e06bda6d5b13583863dcf3d0cd,"标签: 爱情, 温暖, 怀旧, 人性, 变化
类型片: 喜剧, 爱情剧, 悬疑
画面风格: 温暖亲切, 风趣幽默, 浪漫主义
相关姓名: 杜拉斯, 北鼻, 沈恩京, 东野圭吾, 阿部宽
经典情节: 对比鲜明的结局, 逐渐变好的角色, 儿子和父亲的和解, 人性的描写, 书籍作为忠诚伴侣的形象"
0b975bd06ac44dec48047081c65502d9,"标签: 武侠片, 喜剧, 动作
类型片: 奇幻武侠喜剧片
画面风格: 动感, 刺激
相关姓名: 范冰冰, 李连杰
经典情节: 空手接白刃, 梗多, 动作戏精彩, 晃得厉害"
0c2aca42ee8105baf088f88a2903f336,"标签: 死亡与赎罪、基督教思想、美漫影响、BE埃利斯作品改编、未知的生命、原谅过去、蠢乌龟、香槟选择、真实感、边界混淆
类型片: 剧情、奇幻、恐怖、悬疑
画面风格: 美国州际公路、夺命狂奔、高光时刻、路边傻掉
相关姓名: 埃利斯、Ginger、Elle、Roland
经典情节: 冲下车、知道要干啥、人生高光时刻、傻掉、选择香槟、家庭对抗世界"
0c769b5aad4d84f94bfab34e40d875b0,"标签: 改编小说、公路惊悚、悬疑犯罪、恐怖电影
类型片: 斯蒂芬小说改编、神秘电影、妹子善良可爱、俄罗斯电影
画面风格: 虽灯光、剧本弱、忠于原著、不够自然
相关姓名: 斯蒂芬·金、法鲨、Unseen、无证之罪
经典情节: 无证之罪被指抄袭、收尾作失望、听说有线索猜到开场、第一部比第二部好、电影比小说僵硬"
0c7df0f9cabb37ad9d57ee0b5b8f3436,"标签: 自省、艺术、人生、意识流、生活哲学
类型片: 文艺片、艺术片、剧情片、实验片
画面风格: 复杂架构、朴素镜头语言、意象丰富、沉浸式体验
相关姓名: 尼古拉斯·凯奇、北野武、佐杜罗夫斯基
经典情节: 自我反思、内心探索、艺术家的成长与破碎、生活与艺术的交织、人性的存在主题、荒诞与深沉并存的剧情"
0c8e517a03317afc82d23396bfe49620,"标签: 父子关系、平淡剧情、群像戏、音乐剧
类型片: 音乐剧、家庭剧
画面风格: 舞美精美、色彩鲜艳
相关姓名: AT老师、Danny、玛丽皇后
经典情节: 主角之间的配对失望、坚持自己的结局选择"
0d2107e8b6de577859e0ba820bb43086,"标签：扣人心弦，紧张刺激，感人至深，引人思考，
类型片：悬疑惊悚，动作冒险，科幻奇幻，剧情励志，
画面风格：唯美迷人，暗黑独特，现实逼真，奇幻幻想，
相关姓名：顶级导演，知名演员，优秀编剧，杰出制作团队，
经典情节：扭转乾坤，浪漫爱情，惊险追逐，意想不到的结局。"
0da85acd494950384c65537db1fa9a5b,"标签: 悲剧, 爱情, 温情, 真实主义刻画, 科幻元素
类型片: 文艺片, 剧情片, 科幻片
画面风格: 真实, 细腻, 流畅
相关姓名: 东野圭吾, 丽莲·吉许, 村上春树
经典情节: 父子重逢, 跨越时空的爱情, 珍贵的书籍, 追求梦想, 教师的热情"
0dc76fd9bef1d7a49c6345ccb2a3378a,"标签: 社会现实、人生哲学、温情、文艺
类型片: 剧情片、家庭片
画面风格: 细腻、真实、自然
相关姓名: 陈果、伊朗政府、专家们
经典情节: 儿女之情、回忆与遗忘、孩童与成人的对比、社会现象的反思"
0dcc2cba00beb492dbda1e37c7ab90de,"标签: 爱情, 喜剧, 黑色幽默, 绘本改编, 奇幻
类型片: 浪漫喜剧
画面风格: 美丽细腻, 城市风景
相关姓名: 几米, 叶念琛, 柯佳嬿, 德普, 赵薇, 郑秀文, 任贤齐, 火龙, 沛纳海
经典情节: 主角角色转换, 时间穿越, 外星生物误认, 猎狼犬出场, 强迫症描写, 恰当的黑色幽默, 自我认同与爱情之间的冲突"
0ec6d96356231a2fe85a40aa6e587ab8,"标签: 喜剧, 剧情, 动作, 黑帮, 情节反转
类型片: 黑帮喜剧, 剧情动作片
画面风格: 过时, 水上乐园广告片, 虎豹霸王感觉
相关姓名: 查理·卓别林, 莫泊桑
经典情节: 女主负分滚粗, NYPD布鲁斯装样子不如NYMafia加西亚, 清理现场的高效率"
0f2c4bd01affb3a31dd2c6069c50a688,"标签: 喜剧片、动画片、法国片、韩国电影、传记片、艺术片
类型片: 剧情片、喜剧片、生活片、冒险片、动作片
画面风格: 中二、经典、现代、夸张、真实
相关姓名: 杨幂、黄圣依、李连杰、汤唯、姜文
经典情节: 澳洲孤儿、父母之爱、人性实验、赛场歌手、喜剧谐音、多重形式"
0f4c25fb8543e64197b6d46bee60f9e9,"标签: 女权主义、勇敢发声、改编电影、芭比娃娃、阴沉配乐
类型片: 叙事电影、纪录片
画面风格: 美丽服装、全息投影、阴沉氛围
相关姓名: 女主、继母、Gemito
经典情节: 结局意外、英雄梦、警察牺牲"
0f50d288da31c28c4954da14e6c0f43e,"标签: 情感真挚, 男人友情, 灾难片, 动作片
类型片: 灾难剧情片, 动作冒险片
经典情节: 主人公被困危险境地, 承诺兑现, 真挚友情展现
画面风格: 真实感强, 行动场景紧凑
相关姓名: 冈田, 大辅, 伊藤英明, 福山"
0f63b62a66f6fbaf35caa0fae284a433,"标签: 港片, 动作片, 喜剧片, 真实事件改编, 邻里生活
类型片: 剧情片, 鬼片, 台湾本土类动画片, 喜剧动作片, 奇幻喜剧片
画面风格: 写实动作, 粗制但真实, 流水账拍摄, 温情残酷的现实温馨片, 无厘头喜剧
相关姓名: 成龙, 梅尔吉布森, 黄飞鸿, 霍元甲, 陈真, 叶问, 张艾嘉, 吴耀汉, 金燕玲, 卢冠廷, 秦祥林, 吴君如, 余香凝, 王家欣, 阿sa
经典情节: 老爸为儿子找回生活热情与希望, 幸福之路上追随每个时段的幸福, 套路走心的印度"
0f6c48a1bc0fab55c27c76bf40184c2a,"标签: 反恐、真实事件、励志、特别棒、吉伦哈尔
类型片: 反恐电影
画面风格: 紧凑、紧张
相关姓名: 吉伦哈尔
经典情节: 真实事件改编、年轻人勇敢面对困难、五角大楼诈骗、警察默哀结尾、杀人场景容易"
0f8a2f2a1105bb0440a7f845cc6f8e54,"标签: 田园风光 | 青春纯真 | 爱情

类型片: 风景纪录片 | 青春爱情片

画面风格: 自然清新 | 色彩明亮

相关姓名: 露西 | 爱德华

经典情节: 主人公在美丽的田园中度过青春时光，与露西展开纯真的爱情故事。他们共同享受着优美的自然风光，不受战争痛苦的困扰。这是一部充满温馨情感和希望的影片。"
0facf154611a9be960adaf4e91321044,"标签: 复仇片, 惊悚片, 圣诞节电影, 文艺片
类型片: 剧情, 喜剧, 惊悚
画面风格: 文艺, 氛围赞, 俗套
相关姓名: 演技出彩, 可圈可点, 演技一般
经典情节: 设定拖沓, 结尾草率, 剧情廉价, 情节无聊, 展开刺激, 结尾拖沓, 互动无聊, 简单设定展开复杂."
1051c46f7cb8b83e7af3affc062d77e5,"标签: 底层生活、社会不满、亲情、梦想、公平、感人、幽默、爱情、小清新、追梦青春
类型片: 剧情片、喜剧片、情感片、文艺片、青春片
画面风格: 灰暗、压抑、平淡、温暖、童话般、幻想般
相关姓名: 申叔、全度妍、黄轩、休叔、郭晓阳、郑墨、张俊杰、小马、李现、代旭
经典情节: 亲情与梦想的冲突、不可释怀的结局、年近40的魅力、温暖的小清新故事、现实中的认命与无助、追求梦想的努力、童话式的爱情幻想、角色的成长与变化"
106ef9566bc07e625c187b1442e24d2d,"标签: 末世感, 预言, 神话, 男女关系, 情节引人, 经典

类型片: 科幻, 动作, 悬疑, 冒险

画面风格: 暗黑, 大胆, 神秘

相关姓名: 鲁邦, 不二子

经典情节: 肝胆相照, 友情胜过一切, 手足情深, 神秘预言的实现"
10b3db408647326da63fd96db29f1748,"标签: 动作、剧情、喜剧
类型片: 武侠、喜剧
画面风格: 精致、动感
相关姓名: 泉野明
经典情节: 消费主义批判、反叛、人生追寻、幽默情节、成长与自我认知"
10db94043ce6db2f57f0a81b381e13c9,"标签: 吴彦祖, 高考, 现实主义, 青春, 犯罪, 成长
类型片: 青春犯罪片, 现实主义剧情片
画面风格: 冷酷, 真实, 沉重
相关姓名: 吴彦祖
经典情节: 冰水救人, 打架事件, 少年成长，男孩跳河，故作深沉"
10f66a914e9ce47d1befef9dc962262a,"标签: 温馨喜剧, 青春成长, 情感纠葛, 幽默搞笑
类型片: 爱情喜剧, 青春剧
画面风格: 生活化, 真实细腻
相关姓名: 姜式, 王莱, 乔宏, 林翠, 张氏剧本
经典情节: 学生情人, 笑点十分结尾, 井莉禍起蕭牆, 公车骚扰似在《小团圆》"
10f89561b4d8479d73480388aa31bf8c,"标签: 爱情、感人、动人、人性、成长
类型片: 剧情片、浪漫片、儿童家庭片
画面风格: 温馨、细腻、真实
相关姓名: 莱丝莉、比卢、沙鲁克、薇迪娅
经典情节: 主角的成长与自我发现、父爱的重要性、巨星与普通人之间的情感交流"
10fa2ddfb49d743db5693d1221d5508b,"标签: 功夫片, 武术, 中华文化, 真实性
类型片: 动作片, 武侠片
画面风格: 爽快明快, 真实感
相关姓名: 北少林寺, 林夕
经典情节: 以柔克刚, 美人复仇, 反战主题"
113b406561f3a60bb955670141803459,"标签：浪漫爱情、传记改编、勇敢奋斗
类型片：文艺片、爱情片
画面风格：美丽、舒缓、大气
相关姓名：林青霞、琼瑶、丹麦的女人、玛丽
经典情节：为了爱情奋不顾身、共享朝朝暮暮"
1163628047955ee8ae97c5de2577386b,"标签: 梦幻、情感、人性、爱情 Triangle、阴暗、道德
类型片: 剧情、青春、悬疑、文艺
画面风格: 美丽、优雅、细腻
相关姓名: 导演: 陈凯歌
经典情节: 两对恋人借梁祝台词表达内心、主人公偷窥他人生活、父子共爱同一女人"
1216d7014d30b8a8aa4b685b1de55b6f,"标签: 街舞, 青春回忆, 欧洲视角, 畸恋, 俄式荷尔蒙, 苏联太空, 加加林, 小成本电影, 战争片
类型片: 青春舞蹈剧, 爱情战争片
画面风格: 老旧胶片感, 粗旷, 欧洲风格
相关姓名: 马达, 女狙击手, 加加林
经典情节: 街舞比赛, 畸恋的二战故事, 苏联太空任务, 战争屠杀场景"
1238812df64a5abb36a36b5ae109de69,"标签: 恐怖、剧情、心理、浪漫、神秘、喜剧
类型片: 恐怖片、剧情片、悬疑片、喜剧片、浪漫片
画面风格: 凄美、超现实、真实、光影出色
相关姓名: Woody Allen、Ginger和Fred (电影中的角色)、Mastroianni、Masina
经典情节: 夜晚的氤氲雾气、心理医生掉包、冰冷的主义与火热的感情之间的对比、附体的演员、乐天性格中的伤感、盲人老爷爷和Frankenstein的感人关系、意大利人的乐天性格在伤感电影中的呈现"
124b38d4b218280a51ee8b0d48ef3e13,"标签：温暖、家庭、童真、现实、感人
类型片：家庭、爱情、剧情、动画
画面风格：简约、美丽、温和
相关姓名：邓波儿、张爱玲、范柳源
经典情节：父子情、战争、回忆录、师生情、银河铁道之夜"
12b57d9718cf7f708c1d9a2deb9e83f9,"标签: 音乐、爱情、励志、家庭、情色
类型片: 励志情色片、音乐剧、家庭剧
画面风格: 精美、细腻、美感
相关姓名: 菅野美穗、小栗旬、浅野忠信、章子怡
经典情节: 师生之间的感人故事、执着追求的励志片段、纷繁复杂的家庭关系探讨"
12b92c6a5a601fa7f17ded2ab30d84d7,"标签: 法语，童话，色调低，纯度低，中文字幕，优美质朴，人类爱，年轻气盛，虚伪，自由，黑暗，臆想
类型片: 童话，成长，剧情，黑暗，社会现实，文艺
画面风格: 淡雅，低饱和度
相关姓名: 村上春树
经典情节: 主角成长于压抑环境中，对人类充满热爱；主角走向未来充满挑战；社会秩序与虚伪的对抗；女主角在新时代体验黑暗与自由的冲突。"
130e8e351f4b2513e1c9ad9d546d8dec,"标签: 恐怖电影, 惊悚, 失望, 不合理
类型片: 恐怖, 惊悚, 动作
画面风格: 暗淡, 不清晰
相关姓名: 史蒂芬.席格
经典情节: 主人公被追杀, 神秘事件, 不明真相的反派"
133bbc1782799383825f687293dd6e9b,"标签: 家庭关系，成长，人生旅程
类型片: 剧情，家庭，情感
画面风格: 现实主义，自然光线，细腻
相关姓名: 平叔，工藤，张庆
经典情节: 母爱与原谅，个人成长与自我认知的冲突，生活经历的影响和转变"
1396d1da7d04e03d9009ee75e64565e9,"标签: 喜剧, 真实记录, 欢乐, 感动, 幽默
类型片: 喜剧片, 记录片
画面风格: 多样化, 粗糙但真实
相关姓名: 导演, 强盗头子
经典情节: 同志、战友、同胞的背叛与揭露, 善良勇敢的男孩女孩, 喜剧小笑料和法国人的幽默。

综合以上用户的评价，用户可能倾向于喜欢真实记录风格的喜剧片，特别是带有幽默和感动元素的作品。画面风格可能较为粗糙，但反映了真实的生活场景。在相关姓名中，用户可能对导演的表现较为满意，以及强盗头子的人物形象引起了用户的关注。经典情节方面，用户可能被背叛与揭露的故事情节以及善良"
140f20107e9574dda97b4d969650bf17,"标签: 古代动作戏, 可能也喜欢的类型片: 玄幻武侠片, 古装剧, 犯罪悬疑片, 画面风格: 精美古风, 情节相关姓名: 林涛, 秦明, 经典情节: 充满悬疑的破案过程, 剧情发展紧凑, 无缝衔接的剧情推进。"
14171725ab2f41a987b65ae24fedaf39,"标签: 青春、成长、彩虹、青少年、叛逆、野性、动情、续集、初恋、梦想
类型片: 青春剧、情感剧、成长片、溢美画面、青少年题材
画面风格: 绚丽、充满活力
相关姓名: 卡索、神奇画面、续集、青春叛逆
经典情节: 小孩追寻彩虹的源头、青少年在青春叛逆中成长的故事、初恋经历、深夜电影院的感人场景"
1422ee6824964ae1414cde8dade14d1e,"标签: 古装武侠片、喜剧、浪漫、怀旧、经典
类型片: 古龙系列改编、青春校园、爱情喜剧、悬疑犯罪、历史剧
相关姓名: 张智霖、张静初、金城武、郭富城、郑宇成、何润东
经典情节: 内向文艺宅与漂亮女生的暗恋、经典武侠角色之间的基情、怀旧感的原著改编、古装片中的浪漫爱情、校园生活与恋爱纠葛"
142d480886adca6c52ca3d8569c6526c,"标签: 西班牙电影, 泰国神剧, 清新简洁, 流畅顺眼, 缅甸探险
类型片: 剧情, 爱情, 冒险, 幽默
画面风格: 雅致优美, 唯美浪漫, 色彩明亮
相关姓名: 曼德勒, GV大法, 爸比
经典情节: 片尾致敬父亲的场景, 美好的缅甸探险, 幽默搞笑的剧情。"
1483bf39593c16587ded3c82d73c45e6,"标签: 电影叙事学, 交织式对比结构, 神偷, 棒球, 童年
类型片: 文艺片, 动作片
画面风格: 紧凑, 强烈, 克制
相关姓名: 李显杰, 凯奇, 皮特
经典情节: 骗局揭秘, 总经理的抗拒, 兄弟的依赖, 童年的重逢"
152661019cd9083cc41913992eeb49bf,"标签: 烂片、差评、低评分、睡着了、提神醒脑、喜欢的、意淫、内心变化、美女老了、操、脸盲症、诧异、港片、绝世红颜、枪战场面、长脸狒狒、智商超级高、不吓人

类型片: 鬼片、连续剧、夜间影院、喜剧、爱情、悲剧、动作、惊悚、恐怖

画面风格: 慢节奏、睡眠、色彩丰富、真实感、老旧感、紧张刺激、阴暗恐怖

相关姓名: 邱淑贞、王晶、冈田降生、井上真央、周润发、刘嘉玲、梁朝伟

经典情节: 牧师的提亲、死的人够多的枪战、牧师的"
15307e312328534e6805dbe89256867b,"标签: 爵士、福尔摩斯、拳脚、乐趣、意料之外、经典、节奏明快、干脆利落、鼎盛时期
类型片: 犯罪、悬疑、动作、喜剧
画面风格: 充满张力、不可思议、经典氛围
相关姓名: JB、福尔摩斯先生
经典情节: 开篇的deduction、福尔摩斯先生展露拳脚、JB赢得胜利"
15c47612ab726c442aed8e8e38d75c05,"标签: 续集, 武打动作, 无厘头风格, 高颜值

类型片: 喜剧动作片

画面风格: 搞笑, 动感, 视觉效果精彩

相关姓名: 张敏, 主演, 主打笑点

经典情节: 现代女性生活, 多线故事, 烦恼与支持, 奇迹创造, 火灾预防意识培养, 转变成傻子, 穿越改变历史, 防火意识重要, 神奇的剧情转折, 火鸡惊险逃生, 老套剧情, 团结合作解决问题, 感恩和改变的故事, 奇幻搞笑剧情, 火鸡防止成为食物, 火鸡变瘦, 唤醒儿童思考, 防止火灾的重要性, 科技对战"
15e6d66faf3a15c3a6d1e2217a8b1718,"标签: 70~80年代金属乐味道, 成人向, 隐喻, 虚构情节 
类型片: 动画片 
画面风格: 脏、色彩丰富 
相关姓名: 未提及 
经典情节: 天马行空的剧情, 人物性格神态拿捏, 充满隐喻的镜头"
166180a125e9eefa7c2fc5d336c9536b,"标签: 失意的人, 自传式, 励志片
类型片: 剧情片, 情感心理片
画面风格: 真实鲜明, 动人感人
相关姓名: 摩根弗里曼, 达科塔·范宁
经典情节: 自我找寻, 成长与奋斗, 放下过去, 接受变化"
16dad03b6173780f75c71a64931c36d6,"标签: 沉浸式，暴力艺术，妻女关系，离奇剧情
类型片: 悬疑犯罪，心理剧，浪漫剧
画面风格: 暗淡冷色调，意识流式镜头，细节拍摄
相关姓名: Pierre Deladonchamps，剧作家（未提及具体姓名）
经典情节: 酒驾手推车，音乐配乐的街头漫步，Food bank的感人场景"
176e2dc75939def33f20af0734f499e2,"标签: 真实接地气, 动画片, 高颜值, 情感状况
类型片: 儿童动画片, 情感剧
画面风格: 简洁清晰, 用心制作
相关姓名: 杨洋
经典情节: 吻戏, 夜华与贵族气质的碰撞"
178198897e563ccd7945cd4834cfddb8,"标签: 复仇毁灭、温情父子、热情追求、恐怖袭击、生命意义
类型片: 动作、家庭、剧情、惊悚
画面风格: 冷漠、真实、紧张、感慨
相关姓名: 导演、杀手
经典情节: 理想追求、社会认可、生命感悟、救赎

可能喜欢的电影类型包括动作、家庭、剧情、惊悚片，喜欢复仇毁灭、温情父子、热情追求、恐怖袭击等题材。喜欢冷漠、真实、紧张、感慨的画面风格，可能对影片中的导演和杀手角色有较高的关注度。喜欢触发思考的故事情节和对生命意义的探索。"
17d07b2df58faffe943cf3a92fd1d5d8,"标签: 动画,日本,喜剧,爱情,奇幻
类型片: 剧场版动画片
画面风格: 生动色彩,细腻表现
相关姓名: eruza, gajiru, ed
经典情节: 卖肉插曲,京东风,造谣揭秘,漫画改编,剧场版"
17e1b3478b5e7cbfe8d5958c4a0d937d,"标签: 奢靡、浪漫、时尚、上流社会、家族倒台  
类型片: 社交剧、家庭剧、历史剧  
画面风格: 豪华、精美、细腻、暗淡  
相关姓名: Colin Firth, Julia Roberts, Matt Damon  
经典情节: 社会阶层冲突、爱与婚姻的纠葛、女权主义的探讨、失忆与回忆的追寻、艰难的命运抉择"
180076880c32b2b360a1c812e85a1538,"标签: 情感剧、家庭关系、人性探讨、社会观察、内心挣扎、爱与宽恕
类型片: 剧情片、家庭剧、悬疑剧、传记片
画面风格: 真实生活、明暗对比、镜头细腻、沉稳、暖色调
相关姓名: 失意编剧、三个退伍军人、著名导演、父母、儿子、儿子女友、孙子
经典情节: 寻求儿子的原谅、自杀与救赎、家庭矛盾的化解、催眠针的意外发现、对爱与亲情的执着追求"
18b784aae8ee889c164ae089fd7d386f,"标签: 忧伤、冷血、思考人生、哲学家、海盗、人性矛盾、动物水平、青春、野兽、美人、震撼、感动、空灵、悠远、爱尔兰风情、苏格兰音乐、纯情、唯美意淫
类型片: 忧伤剧、社会正义、浪漫爱情、回忆片
画面风格: 沉重、忧伤、唯美
相关姓名: 张瑜、伍宇娟、凯特
经典情节: 初恋再会、命运巧合、重逢良缘"
18cc665c5c4a39052e37adcaa2b1e683,"标签： 悲伤、政治、人性
类型片：剧情、政治、悬疑
画面风格：真实、震撼、视觉盛宴
相关姓名： Naomi Watts, Sean Penn
经典情节：社会进步、人性探索、福利与痛苦并存"
1907a3f28f0e16a70a1a2af2f2489168,"标签: 浪漫喜剧, 小清新, 情感剧, 喜剧片
类型片: 西班牙电影, 爱情片
画面风格: 高清, 艳阳天, 美丽风景
相关姓名: 板鴨, 義大利人民
经典情节: 婚外情, 旅行公司创业, 三角恋, 輪迴故事"
190a6674124b532f8b7dd1f4fe7b2280,"标签: 寓言故事、文化交融、细腻还原、史诗细节、手艺巧手、感人肺腑
类型片: 寓言、古装、文艺、剧情
画面风格: 古朴、精致、细腻
相关姓名: 李亚鹏、韩国老戏骨
经典情节: 弓手对弈、载歌载舞"
19283cc4a71acaf8ab8ffe88c37b5149,"标签: 精神文化传承, 武士, 勇义, 约束, 切腹, 留仪
类型片: 抽象表达, 文艺佳品, 回归本初的电影思考
画面风格: 克制, 婉约, 留白, 讨喜的色彩调和
相关姓名: 主演表演游刃有余, 娴熟精妙
经典情节: 忘却的目的, 与你在一起的瞬间"
1979f9f033018ba51574d972a245f9d8,"标签: 异色混合、戏剧性、英伦严肃风、反战主题、意大利风格
类型片: 奇怪的混合、戏剧、战争、传记、喜剧
画面风格: 张弛有度、创新性、莫尼切利风格
相关姓名: 霍夫曼、福斯、尼诺·罗塔
经典情节: 歌厅戏剧表演、反战主题下的个人命运、意大利影迷的文化和历史背景、战争与人性的冲突"
19a345a4b4b8ee66c90e8cb67735fc9b,"标签: 情感探索、人性剖析、家庭关系、失落与挣扎
类型片: 阴郁剧情片、心理悬疑、艺术电影
画面风格: 美感细腻、富有艺术感、黑白摄影
相关姓名: Jamie Chung、Vincent Cassel、Keith
经典情节: 内心斗争迸发、梦境与现实交织、战争与和平的对比、浪漫与现实冲突"
1a459c9100d226b51810e545f824e130,"标签: 引人入胜，动作悬疑，人性探讨
类型片: 悬疑动作片，爱情片
画面风格: 紧张刺激，惊悚悬疑，浪漫唯美
相关姓名: 尼古拉斯·凯奇，妮可·基嫚
经典情节: 镜子反射破坏，师徒四人逃亡，揭示谜底"
1a8a4fc50a1ad3c3ffd73f8b964869ca,"标签: 烧脑、冷幽默、超现实、友情、夢幻、戏剧冲突、苦澀、节奏紧凑、独特风格
类型片: 情节复杂的悬疑片、魔幻现实片、成长青春片、喜剧片、同志片
画面风格: 霓虹光影、16mm菲林、纪实风、粗糙质感
相关姓名: 黄秋生、导演谭家明、黄子华、蔡卓妍
经典情节: 时间线重复、穿梭时空、末日幻想、角色的沉默、男女角色的冲突、战斗竞争"
1b231151f428eed5336e60ec28825fa3,"标签: 爱情游戏, 高度自治, 残暴, 力王, 周星驰, 阿部宽, 警匪片, 血腥, 暖色调, 宗教片, 科幻片
类型片: 爱情游戏, 警匪片, 宗教片, 科幻片
画面风格: 震撼, 暖色调
相关姓名: 叶蕴仪, 李丽珍, 邓小平, 吉祥果帅锅, 阿部宽, bowie
经典情节: 高度自治的特区, 力王拳头打穿牢墙, 嘲笑孩子的老师, 暴力打斗镜头, 官商勾结的剧情, 强烈宗教主题, 受到音乐影响的片子。"
1c5cc7db7a285077ccf2936f1d01a5ed,"标签: 倫理片, 伦理道德, 自我价值, 司法公正, 硬核朋克, 欣赏度不高, 低科幻感, 料想不足  
类型片: 倫理片, 伦理道德, 科幻片, 硬核朋克片  
画面风格: 硬核朋克风格, 不刺激, 缺乏科幻感  
相关姓名: 未提及  
经典情节: 叙事略差, 僵尸题材, 虎头蛇尾结束, 有条不紊的铺垫, 无聊还是好笑的评判标准"
1c63b0accfabb51d3476f6c5628d6fee,"标签: 悬疑, 恐怖, 心理, 邪教
类型片: 悬疑恐怖片 
画面风格: 紧张恐怖, 暗色调
相关姓名: 姜文, 王景春, 任达华, 陈坤 
经典情节: 邪教争遗产, 复仇, 病态心理揭示, 灵异现象"
1c9a005a1591e503569fc3a8923e7223,"标签: 动作片、悬疑片、冒险片、黑帮片
类型片: 动作悬疑片、犯罪片
画面风格: 暗黑、紧张、动感
相关姓名: 杰森·斯坦森、丹尼尔·克雷格、汤姆·哈迪
经典情节: 枪战、追逐、谜团解开、意外揭秘

以上用户对影片的评价和倾向，可以得出他们喜欢动作片、悬疑片、黑帮片等类型片。他们可能喜欢紧张刺激的画面风格，喜欢看动感十足的枪战和追逐场面。他们对影片的标签和情节要求较高，对于结局或细节方面的描写也有一定的要求。他们可能喜欢杰森·斯坦森、丹尼尔·克雷格、汤姆·哈迪等相关演员的作品"
1ce78dd2cd81c9d41f37f74c951a5735,"标签: 轻喜剧, 婚外情, 文艺片, 法国电影
类型片: 剧情片, 喜剧片, 爱情片
画面风格: 欧洲风, 精致细腻
相关姓名: Daniel Auteuil
经典情节: 复杂的婚外情关系，女汉子角色的崛起和内心变化，对人生不公平的思考"
